countries,income
France,89661.80882352941
Poland,90180.07096774194
Germany,86875.42528735632
Italy,91880.0
Spain,90557.69364161849
United Kingdom,87251.6875
